Population,YearCollected,DayCollected,ChillingTime,Germinated
12,2009,267,0,N
12,2009,267,0,N
12,2009,267,0,N
12,2009,267,0,N
12,2009,267,0,N
12,2009,267,0,N
12,2009,267,0,N
12,2009,267,0,N
12,2009,267,0,N
12,2009,267,0,N
2,2006,191,0,Y
2,2006,191,0,Y
2,2006,191,0,Y
2,2006,191,0,N
2,2006,191,0,N
2,2006,191,0,N
2,2006,191,0,N
2,2006,191,0,N
2,2006,191,0,N
2,2006,191,0,N
5,2009,161,0,Y
5,2009,161,0,Y
5,2009,161,0,Y
5,2009,161,0,N
5,2009,161,0,N
5,2009,161,0,N
5,2009,161,0,N
5,2009,161,0,N
5,2009,161,0,N
5,2009,161,0,N
10,2008,198,0,N
10,2008,198,0,N
10,2008,198,0,N
10,2008,198,0,N
10,2008,198,0,N
10,2008,198,0,N
10,2008,198,0,N
10,2008,198,0,N
10,2008,198,0,N
10,2008,198,0,N
6,2008,204,0,N
6,2008,204,0,N
6,2008,204,0,N
6,2008,204,0,N
6,2008,204,0,N
6,2008,204,0,N
6,2008,204,0,N
6,2008,204,0,N
6,2008,204,0,N
6,2008,204,0,N
3,2009,164,0,N
3,2009,164,0,N
3,2009,164,0,N
3,2009,164,0,N
3,2009,164,0,N
3,2009,164,0,N
3,2009,164,0,N
3,2009,164,0,N
3,2009,164,0,N
3,2009,164,0,N
4,2009,162,0,N
4,2009,162,0,N
4,2009,162,0,N
4,2009,162,0,N
4,2009,162,0,N
4,2009,162,0,N
4,2009,162,0,N
4,2009,162,0,N
4,2009,162,0,N
4,2009,162,0,N
1,2007,138,0,Y
1,2007,138,0,Y
1,2007,138,0,Y
1,2007,138,0,N
1,2007,138,0,N
1,2007,138,0,N
1,2007,138,0,N
1,2007,138,0,N
1,2007,138,0,N
1,2007,138,0,N
11,2008,202,0,N
11,2008,202,0,N
11,2008,202,0,N
11,2008,202,0,N
11,2008,202,0,N
11,2008,202,0,N
11,2008,202,0,N
11,2008,202,0,N
11,2008,202,0,N
11,2008,202,0,N
7,2008,204,0,N
7,2008,204,0,N
7,2008,204,0,N
7,2008,204,0,N
7,2008,204,0,N
7,2008,204,0,N
7,2008,204,0,N
7,2008,204,0,N
7,2008,204,0,N
7,2008,204,0,N
8,2005,230,0,N
8,2005,230,0,N
8,2005,230,0,N
8,2005,230,0,N
8,2005,230,0,N
8,2005,230,0,N
8,2005,230,0,N
8,2005,230,0,N
8,2005,230,0,N
8,2005,230,0,N
9,2008,203,0,N
9,2008,203,0,N
9,2008,203,0,N
9,2008,203,0,N
9,2008,203,0,N
9,2008,203,0,N
9,2008,203,0,N
9,2008,203,0,N
9,2008,203,0,N
9,2008,203,0,N
1,2007,138,0,Y
1,2007,138,0,Y
1,2007,138,0,Y
1,2007,138,0,Y
1,2007,138,0,N
1,2007,138,0,N
1,2007,138,0,N
1,2007,138,0,N
1,2007,138,0,N
1,2007,138,0,N
12,2009,267,0,N
12,2009,267,0,N
12,2009,267,0,N
12,2009,267,0,N
12,2009,267,0,N
12,2009,267,0,N
12,2009,267,0,N
12,2009,267,0,N
12,2009,267,0,N
12,2009,267,0,N
6,2008,204,0,N
6,2008,204,0,N
6,2008,204,0,N
6,2008,204,0,N
6,2008,204,0,N
6,2008,204,0,N
6,2008,204,0,N
6,2008,204,0,N
6,2008,204,0,N
6,2008,204,0,N
2,2006,191,0,Y
2,2006,191,0,N
2,2006,191,0,N
2,2006,191,0,N
2,2006,191,0,N
2,2006,191,0,N
2,2006,191,0,N
2,2006,191,0,N
2,2006,191,0,N
2,2006,191,0,N
3,2009,164,0,N
3,2009,164,0,N
3,2009,164,0,N
3,2009,164,0,N
3,2009,164,0,N
3,2009,164,0,N
3,2009,164,0,N
3,2009,164,0,N
3,2009,164,0,N
3,2009,164,0,N
11,2008,202,0,N
11,2008,202,0,N
11,2008,202,0,N
11,2008,202,0,N
11,2008,202,0,N
11,2008,202,0,N
11,2008,202,0,N
11,2008,202,0,N
11,2008,202,0,N
11,2008,202,0,N
9,2008,203,0,N
9,2008,203,0,N
9,2008,203,0,N
9,2008,203,0,N
9,2008,203,0,N
9,2008,203,0,N
9,2008,203,0,N
9,2008,203,0,N
9,2008,203,0,N
9,2008,203,0,N
5,2009,161,0,Y
5,2009,161,0,Y
5,2009,161,0,Y
5,2009,161,0,Y
5,2009,161,0,Y
5,2009,161,0,Y
5,2009,161,0,N
5,2009,161,0,N
5,2009,161,0,N
5,2009,161,0,N
10,2008,198,0,N
10,2008,198,0,N
10,2008,198,0,N
10,2008,198,0,N
10,2008,198,0,N
10,2008,198,0,N
10,2008,198,0,N
10,2008,198,0,N
10,2008,198,0,N
10,2008,198,0,N
4,2009,162,0,N
4,2009,162,0,N
4,2009,162,0,N
4,2009,162,0,N
4,2009,162,0,N
4,2009,162,0,N
4,2009,162,0,N
4,2009,162,0,N
4,2009,162,0,N
4,2009,162,0,N
8,2005,230,0,N
8,2005,230,0,N
8,2005,230,0,N
8,2005,230,0,N
8,2005,230,0,N
8,2005,230,0,N
8,2005,230,0,N
8,2005,230,0,N
8,2005,230,0,N
8,2005,230,0,N
7,2008,204,0,N
7,2008,204,0,N
7,2008,204,0,N
7,2008,204,0,N
7,2008,204,0,N
7,2008,204,0,N
7,2008,204,0,N
7,2008,204,0,N
7,2008,204,0,N
7,2008,204,0,N
7,2008,204,0,N
7,2008,204,0,N
7,2008,204,0,N
7,2008,204,0,N
7,2008,204,0,N
7,2008,204,0,N
7,2008,204,0,N
7,2008,204,0,N
7,2008,204,0,N
7,2008,204,0,N
11,2008,202,0,N
11,2008,202,0,N
11,2008,202,0,N
11,2008,202,0,N
11,2008,202,0,N
11,2008,202,0,N
11,2008,202,0,N
11,2008,202,0,N
11,2008,202,0,N
11,2008,202,0,N
10,2008,198,0,N
10,2008,198,0,N
10,2008,198,0,N
10,2008,198,0,N
10,2008,198,0,N
10,2008,198,0,N
10,2008,198,0,N
10,2008,198,0,N
10,2008,198,0,N
10,2008,198,0,N
3,2009,164,0,N
3,2009,164,0,N
3,2009,164,0,N
3,2009,164,0,N
3,2009,164,0,N
3,2009,164,0,N
3,2009,164,0,N
3,2009,164,0,N
3,2009,164,0,N
3,2009,164,0,N
4,2009,162,0,N
4,2009,162,0,N
4,2009,162,0,N
4,2009,162,0,N
4,2009,162,0,N
4,2009,162,0,N
4,2009,162,0,N
4,2009,162,0,N
4,2009,162,0,N
4,2009,162,0,N
5,2009,161,0,Y
5,2009,161,0,N
5,2009,161,0,N
5,2009,161,0,N
5,2009,161,0,N
5,2009,161,0,N
5,2009,161,0,N
5,2009,161,0,N
5,2009,161,0,N
5,2009,161,0,N
1,2007,138,0,Y
1,2007,138,0,Y
1,2007,138,0,Y
1,2007,138,0,Y
1,2007,138,0,Y
1,2007,138,0,N
1,2007,138,0,N
1,2007,138,0,N
1,2007,138,0,N
1,2007,138,0,N
8,2005,230,0,N
8,2005,230,0,N
8,2005,230,0,N
8,2005,230,0,N
8,2005,230,0,N
8,2005,230,0,N
8,2005,230,0,N
8,2005,230,0,N
8,2005,230,0,N
8,2005,230,0,N
12,2009,267,0,N
12,2009,267,0,N
12,2009,267,0,N
12,2009,267,0,N
12,2009,267,0,N
12,2009,267,0,N
12,2009,267,0,N
12,2009,267,0,N
12,2009,267,0,N
12,2009,267,0,N
6,2008,204,0,N
6,2008,204,0,N
6,2008,204,0,N
6,2008,204,0,N
6,2008,204,0,N
6,2008,204,0,N
6,2008,204,0,N
6,2008,204,0,N
6,2008,204,0,N
6,2008,204,0,N
9,2008,203,0,N
9,2008,203,0,N
9,2008,203,0,N
9,2008,203,0,N
9,2008,203,0,N
9,2008,203,0,N
9,2008,203,0,N
9,2008,203,0,N
9,2008,203,0,N
9,2008,203,0,N
2,2006,191,0,N
2,2006,191,0,N
2,2006,191,0,N
2,2006,191,0,N
2,2006,191,0,N
2,2006,191,0,N
2,2006,191,0,N
2,2006,191,0,N
2,2006,191,0,N
2,2006,191,0,N
8,2005,230,2,N
8,2005,230,2,N
8,2005,230,2,N
8,2005,230,2,N
8,2005,230,2,N
8,2005,230,2,N
8,2005,230,2,N
8,2005,230,2,N
8,2005,230,2,N
8,2005,230,2,N
3,2009,164,2,Y
3,2009,164,2,Y
3,2009,164,2,Y
3,2009,164,2,Y
3,2009,164,2,N
3,2009,164,2,N
3,2009,164,2,N
3,2009,164,2,N
3,2009,164,2,N
3,2009,164,2,N
4,2009,162,2,Y
4,2009,162,2,Y
4,2009,162,2,N
4,2009,162,2,N
4,2009,162,2,N
4,2009,162,2,N
4,2009,162,2,N
4,2009,162,2,N
4,2009,162,2,N
4,2009,162,2,N
12,2009,267,2,N
12,2009,267,2,N
12,2009,267,2,N
12,2009,267,2,N
12,2009,267,2,N
12,2009,267,2,N
12,2009,267,2,N
12,2009,267,2,N
12,2009,267,2,N
12,2009,267,2,N
5,2009,161,2,Y
5,2009,161,2,Y
5,2009,161,2,Y
5,2009,161,2,Y
5,2009,161,2,Y
5,2009,161,2,Y
5,2009,161,2,Y
5,2009,161,2,Y
5,2009,161,2,N
5,2009,161,2,N
6,2008,204,2,N
6,2008,204,2,N
6,2008,204,2,N
6,2008,204,2,N
6,2008,204,2,N
6,2008,204,2,N
6,2008,204,2,N
6,2008,204,2,N
6,2008,204,2,N
6,2008,204,2,N
10,2008,198,2,Y
10,2008,198,2,Y
10,2008,198,2,N
10,2008,198,2,N
10,2008,198,2,N
10,2008,198,2,N
10,2008,198,2,N
10,2008,198,2,N
10,2008,198,2,N
10,2008,198,2,N
7,2008,204,2,N
7,2008,204,2,N
7,2008,204,2,N
7,2008,204,2,N
7,2008,204,2,N
7,2008,204,2,N
7,2008,204,2,N
7,2008,204,2,N
7,2008,204,2,N
7,2008,204,2,N
1,2007,138,2,Y
1,2007,138,2,Y
1,2007,138,2,Y
1,2007,138,2,Y
1,2007,138,2,Y
1,2007,138,2,Y
1,2007,138,2,Y
1,2007,138,2,Y
1,2007,138,2,Y
1,2007,138,2,N
2,2006,191,2,Y
2,2006,191,2,Y
2,2006,191,2,Y
2,2006,191,2,Y
2,2006,191,2,Y
2,2006,191,2,N
2,2006,191,2,N
2,2006,191,2,N
2,2006,191,2,N
2,2006,191,2,N
11,2008,202,2,N
11,2008,202,2,N
11,2008,202,2,N
11,2008,202,2,N
11,2008,202,2,N
11,2008,202,2,N
11,2008,202,2,N
11,2008,202,2,N
11,2008,202,2,N
11,2008,202,2,N
9,2008,203,2,N
9,2008,203,2,N
9,2008,203,2,N
9,2008,203,2,N
9,2008,203,2,N
9,2008,203,2,N
9,2008,203,2,N
9,2008,203,2,N
9,2008,203,2,N
9,2008,203,2,N
12,2009,267,2,N
12,2009,267,2,N
12,2009,267,2,N
12,2009,267,2,N
12,2009,267,2,N
12,2009,267,2,N
12,2009,267,2,N
12,2009,267,2,N
12,2009,267,2,N
12,2009,267,2,N
5,2009,161,2,Y
5,2009,161,2,Y
5,2009,161,2,Y
5,2009,161,2,Y
5,2009,161,2,Y
5,2009,161,2,Y
5,2009,161,2,Y
5,2009,161,2,Y
5,2009,161,2,Y
5,2009,161,2,Y
9,2008,203,2,N
9,2008,203,2,N
9,2008,203,2,N
9,2008,203,2,N
9,2008,203,2,N
9,2008,203,2,N
9,2008,203,2,N
9,2008,203,2,N
9,2008,203,2,N
9,2008,203,2,N
4,2009,162,2,Y
4,2009,162,2,N
4,2009,162,2,N
4,2009,162,2,N
4,2009,162,2,N
4,2009,162,2,N
4,2009,162,2,N
4,2009,162,2,N
4,2009,162,2,N
4,2009,162,2,N
11,2008,202,2,N
11,2008,202,2,N
11,2008,202,2,N
11,2008,202,2,N
11,2008,202,2,N
11,2008,202,2,N
11,2008,202,2,N
11,2008,202,2,N
11,2008,202,2,N
11,2008,202,2,N
8,2005,230,2,Y
8,2005,230,2,N
8,2005,230,2,N
8,2005,230,2,N
8,2005,230,2,N
8,2005,230,2,N
8,2005,230,2,N
8,2005,230,2,N
8,2005,230,2,N
8,2005,230,2,N
2,2006,191,2,Y
2,2006,191,2,Y
2,2006,191,2,Y
2,2006,191,2,Y
2,2006,191,2,Y
2,2006,191,2,Y
2,2006,191,2,N
2,2006,191,2,N
2,2006,191,2,N
2,2006,191,2,N
1,2007,138,2,Y
1,2007,138,2,Y
1,2007,138,2,Y
1,2007,138,2,Y
1,2007,138,2,Y
1,2007,138,2,Y
1,2007,138,2,Y
1,2007,138,2,Y
1,2007,138,2,Y
1,2007,138,2,Y
3,2009,164,2,Y
3,2009,164,2,Y
3,2009,164,2,Y
3,2009,164,2,Y
3,2009,164,2,Y
3,2009,164,2,N
3,2009,164,2,N
3,2009,164,2,N
3,2009,164,2,N
3,2009,164,2,N
6,2008,204,2,Y
6,2008,204,2,N
6,2008,204,2,N
6,2008,204,2,N
6,2008,204,2,N
6,2008,204,2,N
6,2008,204,2,N
6,2008,204,2,N
6,2008,204,2,N
6,2008,204,2,N
10,2008,198,2,Y
10,2008,198,2,Y
10,2008,198,2,Y
10,2008,198,2,N
10,2008,198,2,N
10,2008,198,2,N
10,2008,198,2,N
10,2008,198,2,N
10,2008,198,2,N
10,2008,198,2,N
7,2008,204,2,N
7,2008,204,2,N
7,2008,204,2,N
7,2008,204,2,N
7,2008,204,2,N
7,2008,204,2,N
7,2008,204,2,N
7,2008,204,2,N
7,2008,204,2,N
7,2008,204,2,N
5,2009,161,2,Y
5,2009,161,2,Y
5,2009,161,2,Y
5,2009,161,2,Y
5,2009,161,2,Y
5,2009,161,2,Y
5,2009,161,2,Y
5,2009,161,2,Y
5,2009,161,2,N
5,2009,161,2,N
8,2005,230,2,N
8,2005,230,2,N
8,2005,230,2,N
8,2005,230,2,N
8,2005,230,2,N
8,2005,230,2,N
8,2005,230,2,N
8,2005,230,2,N
8,2005,230,2,N
8,2005,230,2,N
12,2009,267,2,N
12,2009,267,2,N
12,2009,267,2,N
12,2009,267,2,N
12,2009,267,2,N
12,2009,267,2,N
12,2009,267,2,N
12,2009,267,2,N
12,2009,267,2,N
12,2009,267,2,N
3,2009,164,2,Y
3,2009,164,2,Y
3,2009,164,2,Y
3,2009,164,2,Y
3,2009,164,2,Y
3,2009,164,2,Y
3,2009,164,2,Y
3,2009,164,2,N
3,2009,164,2,N
3,2009,164,2,N
7,2008,204,2,N
7,2008,204,2,N
7,2008,204,2,N
7,2008,204,2,N
7,2008,204,2,N
7,2008,204,2,N
7,2008,204,2,N
7,2008,204,2,N
7,2008,204,2,N
7,2008,204,2,N
10,2008,198,2,N
10,2008,198,2,N
10,2008,198,2,N
10,2008,198,2,N
10,2008,198,2,N
10,2008,198,2,N
10,2008,198,2,N
10,2008,198,2,N
10,2008,198,2,N
10,2008,198,2,N
6,2008,204,2,N
6,2008,204,2,N
6,2008,204,2,N
6,2008,204,2,N
6,2008,204,2,N
6,2008,204,2,N
6,2008,204,2,N
6,2008,204,2,N
6,2008,204,2,N
6,2008,204,2,N
1,2007,138,2,Y
1,2007,138,2,Y
1,2007,138,2,Y
1,2007,138,2,Y
1,2007,138,2,Y
1,2007,138,2,Y
1,2007,138,2,Y
1,2007,138,2,Y
1,2007,138,2,Y
1,2007,138,2,Y
11,2008,202,2,N
11,2008,202,2,N
11,2008,202,2,N
11,2008,202,2,N
11,2008,202,2,N
11,2008,202,2,N
11,2008,202,2,N
11,2008,202,2,N
11,2008,202,2,N
11,2008,202,2,N
2,2006,191,2,Y
2,2006,191,2,Y
2,2006,191,2,Y
2,2006,191,2,Y
2,2006,191,2,Y
2,2006,191,2,N
2,2006,191,2,N
2,2006,191,2,N
2,2006,191,2,N
2,2006,191,2,N
4,2009,162,2,Y
4,2009,162,2,Y
4,2009,162,2,N
4,2009,162,2,N
4,2009,162,2,N
4,2009,162,2,N
4,2009,162,2,N
4,2009,162,2,N
4,2009,162,2,N
4,2009,162,2,N
9,2008,203,2,N
9,2008,203,2,N
9,2008,203,2,N
9,2008,203,2,N
9,2008,203,2,N
9,2008,203,2,N
9,2008,203,2,N
9,2008,203,2,N
9,2008,203,2,N
9,2008,203,2,N
7,2008,204,4,Y
7,2008,204,4,N
7,2008,204,4,N
7,2008,204,4,N
7,2008,204,4,N
7,2008,204,4,N
7,2008,204,4,N
7,2008,204,4,N
7,2008,204,4,N
7,2008,204,4,N
10,2008,198,4,N
10,2008,198,4,N
10,2008,198,4,N
10,2008,198,4,N
10,2008,198,4,N
10,2008,198,4,N
10,2008,198,4,N
10,2008,198,4,N
10,2008,198,4,N
10,2008,198,4,N
1,2007,138,4,Y
1,2007,138,4,Y
1,2007,138,4,Y
1,2007,138,4,Y
1,2007,138,4,Y
1,2007,138,4,Y
1,2007,138,4,Y
1,2007,138,4,Y
1,2007,138,4,N
1,2007,138,4,N
3,2009,164,4,Y
3,2009,164,4,Y
3,2009,164,4,Y
3,2009,164,4,Y
3,2009,164,4,Y
3,2009,164,4,Y
3,2009,164,4,Y
3,2009,164,4,Y
3,2009,164,4,Y
3,2009,164,4,Y
11,2008,202,4,Y
11,2008,202,4,Y
11,2008,202,4,Y
11,2008,202,4,Y
11,2008,202,4,N
11,2008,202,4,N
11,2008,202,4,N
11,2008,202,4,N
11,2008,202,4,N
11,2008,202,4,N
2,2006,191,4,Y
2,2006,191,4,Y
2,2006,191,4,Y
2,2006,191,4,Y
2,2006,191,4,Y
2,2006,191,4,Y
2,2006,191,4,Y
2,2006,191,4,Y
2,2006,191,4,N
2,2006,191,4,N
12,2009,267,4,N
12,2009,267,4,N
12,2009,267,4,N
12,2009,267,4,N
12,2009,267,4,N
12,2009,267,4,N
12,2009,267,4,N
12,2009,267,4,N
12,2009,267,4,N
12,2009,267,4,N
4,2009,162,4,Y
4,2009,162,4,Y
4,2009,162,4,Y
4,2009,162,4,Y
4,2009,162,4,Y
4,2009,162,4,Y
4,2009,162,4,N
4,2009,162,4,N
4,2009,162,4,N
4,2009,162,4,N
9,2008,203,4,N
9,2008,203,4,N
9,2008,203,4,N
9,2008,203,4,N
9,2008,203,4,N
9,2008,203,4,N
9,2008,203,4,N
9,2008,203,4,N
9,2008,203,4,N
9,2008,203,4,N
5,2009,161,4,Y
5,2009,161,4,Y
5,2009,161,4,Y
5,2009,161,4,Y
5,2009,161,4,Y
5,2009,161,4,N
5,2009,161,4,N
5,2009,161,4,N
5,2009,161,4,N
5,2009,161,4,N
8,2005,230,4,Y
8,2005,230,4,Y
8,2005,230,4,N
8,2005,230,4,N
8,2005,230,4,N
8,2005,230,4,N
8,2005,230,4,N
8,2005,230,4,N
8,2005,230,4,N
8,2005,230,4,N
6,2008,204,4,N
6,2008,204,4,N
6,2008,204,4,N
6,2008,204,4,N
6,2008,204,4,N
6,2008,204,4,N
6,2008,204,4,N
6,2008,204,4,N
6,2008,204,4,N
6,2008,204,4,N
6,2008,204,4,N
6,2008,204,4,N
6,2008,204,4,N
6,2008,204,4,N
6,2008,204,4,N
6,2008,204,4,N
6,2008,204,4,N
6,2008,204,4,N
6,2008,204,4,N
6,2008,204,4,N
10,2008,198,4,Y
10,2008,198,4,N
10,2008,198,4,N
10,2008,198,4,N
10,2008,198,4,N
10,2008,198,4,N
10,2008,198,4,N
10,2008,198,4,N
10,2008,198,4,N
10,2008,198,4,N
12,2009,267,4,N
12,2009,267,4,N
12,2009,267,4,N
12,2009,267,4,N
12,2009,267,4,N
12,2009,267,4,N
12,2009,267,4,N
12,2009,267,4,N
12,2009,267,4,N
12,2009,267,4,N
11,2008,202,4,N
11,2008,202,4,N
11,2008,202,4,N
11,2008,202,4,N
11,2008,202,4,N
11,2008,202,4,N
11,2008,202,4,N
11,2008,202,4,N
11,2008,202,4,N
11,2008,202,4,N
3,2009,164,4,Y
3,2009,164,4,Y
3,2009,164,4,Y
3,2009,164,4,Y
3,2009,164,4,Y
3,2009,164,4,Y
3,2009,164,4,Y
3,2009,164,4,N
3,2009,164,4,N
3,2009,164,4,N
7,2008,204,4,N
7,2008,204,4,Y
7,2008,204,4,N
7,2008,204,4,N
7,2008,204,4,N
7,2008,204,4,N
7,2008,204,4,N
7,2008,204,4,N
7,2008,204,4,N
7,2008,204,4,N
4,2009,162,4,Y
4,2009,162,4,Y
4,2009,162,4,Y
4,2009,162,4,Y
4,2009,162,4,Y
4,2009,162,4,Y
4,2009,162,4,Y
4,2009,162,4,N
4,2009,162,4,N
4,2009,162,4,N
8,2005,230,4,Y
8,2005,230,4,Y
8,2005,230,4,Y
8,2005,230,4,Y
8,2005,230,4,Y
8,2005,230,4,N
8,2005,230,4,N
8,2005,230,4,N
8,2005,230,4,N
8,2005,230,4,N
1,2007,138,4,Y
1,2007,138,4,Y
1,2007,138,4,Y
1,2007,138,4,Y
1,2007,138,4,Y
1,2007,138,4,Y
1,2007,138,4,Y
1,2007,138,4,Y
1,2007,138,4,N
1,2007,138,4,N
5,2009,161,4,Y
5,2009,161,4,Y
5,2009,161,4,Y
5,2009,161,4,Y
5,2009,161,4,Y
5,2009,161,4,Y
5,2009,161,4,Y
5,2009,161,4,Y
5,2009,161,4,N
5,2009,161,4,N
9,2008,203,4,N
9,2008,203,4,N
9,2008,203,4,N
9,2008,203,4,N
9,2008,203,4,N
9,2008,203,4,N
9,2008,203,4,N
9,2008,203,4,N
9,2008,203,4,N
9,2008,203,4,N
2,2006,191,4,Y
2,2006,191,4,Y
2,2006,191,4,Y
2,2006,191,4,Y
2,2006,191,4,Y
2,2006,191,4,Y
2,2006,191,4,Y
2,2006,191,4,Y
2,2006,191,4,N
2,2006,191,4,N
4,2009,162,4,Y
4,2009,162,4,Y
4,2009,162,4,Y
4,2009,162,4,N
4,2009,162,4,N
4,2009,162,4,N
4,2009,162,4,N
4,2009,162,4,N
4,2009,162,4,N
4,2009,162,4,N
3,2009,164,4,Y
3,2009,164,4,Y
3,2009,164,4,Y
3,2009,164,4,Y
3,2009,164,4,Y
3,2009,164,4,Y
3,2009,164,4,Y
3,2009,164,4,N
3,2009,164,4,N
3,2009,164,4,N
9,2008,203,4,N
9,2008,203,4,N
9,2008,203,4,N
9,2008,203,4,N
9,2008,203,4,N
9,2008,203,4,N
9,2008,203,4,N
9,2008,203,4,N
9,2008,203,4,N
9,2008,203,4,N
8,2005,230,4,Y
8,2005,230,4,N
8,2005,230,4,N
8,2005,230,4,N
8,2005,230,4,N
8,2005,230,4,N
8,2005,230,4,N
8,2005,230,4,N
8,2005,230,4,N
8,2005,230,4,N
6,2008,204,4,Y
6,2008,204,4,Y
6,2008,204,4,N
6,2008,204,4,N
6,2008,204,4,N
6,2008,204,4,N
6,2008,204,4,N
6,2008,204,4,N
6,2008,204,4,N
6,2008,204,4,N
5,2009,161,4,Y
5,2009,161,4,Y
5,2009,161,4,Y
5,2009,161,4,Y
5,2009,161,4,Y
5,2009,161,4,Y
5,2009,161,4,Y
5,2009,161,4,N
5,2009,161,4,N
5,2009,161,4,N
1,2007,138,4,Y
1,2007,138,4,Y
1,2007,138,4,Y
1,2007,138,4,Y
1,2007,138,4,Y
1,2007,138,4,Y
1,2007,138,4,Y
1,2007,138,4,Y
1,2007,138,4,Y
1,2007,138,4,N
2,2006,191,4,Y
2,2006,191,4,Y
2,2006,191,4,Y
2,2006,191,4,Y
2,2006,191,4,Y
2,2006,191,4,Y
2,2006,191,4,N
2,2006,191,4,N
2,2006,191,4,N
2,2006,191,4,N
12,2009,267,4,N
12,2009,267,4,N
12,2009,267,4,N
12,2009,267,4,N
12,2009,267,4,N
12,2009,267,4,N
12,2009,267,4,N
12,2009,267,4,N
12,2009,267,4,N
12,2009,267,4,N
7,2008,204,4,Y
7,2008,204,4,N
7,2008,204,4,N
7,2008,204,4,N
7,2008,204,4,N
7,2008,204,4,N
7,2008,204,4,N
7,2008,204,4,N
7,2008,204,4,N
7,2008,204,4,N
11,2008,202,4,Y
11,2008,202,4,Y
11,2008,202,4,N
11,2008,202,4,N
11,2008,202,4,N
11,2008,202,4,N
11,2008,202,4,N
11,2008,202,4,N
11,2008,202,4,N
11,2008,202,4,N
10,2008,198,4,Y
10,2008,198,4,Y
10,2008,198,4,N
10,2008,198,4,N
10,2008,198,4,N
10,2008,198,4,N
10,2008,198,4,N
10,2008,198,4,N
10,2008,198,4,N
10,2008,198,4,N
10,2008,198,6,Y
10,2008,198,6,Y
10,2008,198,6,Y
10,2008,198,6,Y
10,2008,198,6,N
10,2008,198,6,N
10,2008,198,6,N
10,2008,198,6,N
10,2008,198,6,N
10,2008,198,6,N
5,2009,161,6,Y
5,2009,161,6,Y
5,2009,161,6,Y
5,2009,161,6,Y
5,2009,161,6,Y
5,2009,161,6,Y
5,2009,161,6,Y
5,2009,161,6,N
5,2009,161,6,N
5,2009,161,6,N
4,2009,162,6,Y
4,2009,162,6,Y
4,2009,162,6,Y
4,2009,162,6,Y
4,2009,162,6,Y
4,2009,162,6,Y
4,2009,162,6,N
4,2009,162,6,N
4,2009,162,6,N
4,2009,162,6,N
2,2006,191,6,Y
2,2006,191,6,Y
2,2006,191,6,Y
2,2006,191,6,Y
2,2006,191,6,Y
2,2006,191,6,Y
2,2006,191,6,Y
2,2006,191,6,N
2,2006,191,6,N
2,2006,191,6,N
6,2008,204,6,Y
6,2008,204,6,N
6,2008,204,6,N
6,2008,204,6,N
6,2008,204,6,N
6,2008,204,6,N
6,2008,204,6,N
6,2008,204,6,N
6,2008,204,6,N
6,2008,204,6,N
12,2009,267,6,N
12,2009,267,6,N
12,2009,267,6,N
12,2009,267,6,N
12,2009,267,6,N
12,2009,267,6,N
12,2009,267,6,N
12,2009,267,6,N
12,2009,267,6,N
12,2009,267,6,N
3,2009,164,6,Y
3,2009,164,6,Y
3,2009,164,6,Y
3,2009,164,6,Y
3,2009,164,6,Y
3,2009,164,6,Y
3,2009,164,6,Y
3,2009,164,6,N
3,2009,164,6,N
3,2009,164,6,N
1,2007,138,6,Y
1,2007,138,6,Y
1,2007,138,6,Y
1,2007,138,6,Y
1,2007,138,6,Y
1,2007,138,6,Y
1,2007,138,6,Y
1,2007,138,6,Y
1,2007,138,6,Y
1,2007,138,6,N
11,2008,202,6,Y
11,2008,202,6,Y
11,2008,202,6,Y
11,2008,202,6,N
11,2008,202,6,N
11,2008,202,6,N
11,2008,202,6,N
11,2008,202,6,N
11,2008,202,6,N
11,2008,202,6,N
8,2005,230,6,Y
8,2005,230,6,Y
8,2005,230,6,Y
8,2005,230,6,Y
8,2005,230,6,N
8,2005,230,6,N
8,2005,230,6,N
8,2005,230,6,N
8,2005,230,6,N
8,2005,230,6,N
9,2008,203,6,N
9,2008,203,6,N
9,2008,203,6,N
9,2008,203,6,N
9,2008,203,6,N
9,2008,203,6,N
9,2008,203,6,N
9,2008,203,6,N
9,2008,203,6,N
9,2008,203,6,N
7,2008,204,6,Y
7,2008,204,6,N
7,2008,204,6,N
7,2008,204,6,N
7,2008,204,6,N
7,2008,204,6,N
7,2008,204,6,N
7,2008,204,6,N
7,2008,204,6,N
7,2008,204,6,N
4,2009,162,6,Y
4,2009,162,6,Y
4,2009,162,6,Y
4,2009,162,6,Y
4,2009,162,6,N
4,2009,162,6,N
4,2009,162,6,N
4,2009,162,6,N
4,2009,162,6,N
4,2009,162,6,N
1,2007,138,6,Y
1,2007,138,6,Y
1,2007,138,6,Y
1,2007,138,6,Y
1,2007,138,6,Y
1,2007,138,6,Y
1,2007,138,6,Y
1,2007,138,6,Y
1,2007,138,6,N
1,2007,138,6,N
5,2009,161,6,Y
5,2009,161,6,Y
5,2009,161,6,Y
5,2009,161,6,Y
5,2009,161,6,Y
5,2009,161,6,Y
5,2009,161,6,Y
5,2009,161,6,Y
5,2009,161,6,N
5,2009,161,6,N
12,2009,267,6,N
12,2009,267,6,N
12,2009,267,6,N
12,2009,267,6,N
12,2009,267,6,N
12,2009,267,6,N
12,2009,267,6,N
12,2009,267,6,N
12,2009,267,6,N
12,2009,267,6,N
3,2009,164,6,Y
3,2009,164,6,Y
3,2009,164,6,Y
3,2009,164,6,Y
3,2009,164,6,Y
3,2009,164,6,Y
3,2009,164,6,Y
3,2009,164,6,Y
3,2009,164,6,Y
3,2009,164,6,N
2,2006,191,6,Y
2,2006,191,6,Y
2,2006,191,6,Y
2,2006,191,6,Y
2,2006,191,6,Y
2,2006,191,6,Y
2,2006,191,6,Y
2,2006,191,6,Y
2,2006,191,6,N
2,2006,191,6,N
6,2008,204,6,Y
6,2008,204,6,Y
6,2008,204,6,Y
6,2008,204,6,Y
6,2008,204,6,Y
6,2008,204,6,N
6,2008,204,6,N
6,2008,204,6,N
6,2008,204,6,N
6,2008,204,6,N
8,2005,230,6,Y
8,2005,230,6,Y
8,2005,230,6,Y
8,2005,230,6,N
8,2005,230,6,N
8,2005,230,6,N
8,2005,230,6,N
8,2005,230,6,N
8,2005,230,6,N
8,2005,230,6,N
11,2008,202,6,Y
11,2008,202,6,Y
11,2008,202,6,Y
11,2008,202,6,N
11,2008,202,6,N
11,2008,202,6,N
11,2008,202,6,N
11,2008,202,6,N
11,2008,202,6,N
11,2008,202,6,N
10,2008,198,6,Y
10,2008,198,6,Y
10,2008,198,6,Y
10,2008,198,6,Y
10,2008,198,6,Y
10,2008,198,6,Y
10,2008,198,6,Y
10,2008,198,6,Y
10,2008,198,6,N
10,2008,198,6,N
7,2008,204,6,Y
7,2008,204,6,Y
7,2008,204,6,Y
7,2008,204,6,Y
7,2008,204,6,Y
7,2008,204,6,Y
7,2008,204,6,N
7,2008,204,6,N
7,2008,204,6,N
7,2008,204,6,N
9,2008,203,6,N
9,2008,203,6,N
9,2008,203,6,N
9,2008,203,6,N
9,2008,203,6,N
9,2008,203,6,N
9,2008,203,6,N
9,2008,203,6,N
9,2008,203,6,N
9,2008,203,6,N
9,2008,203,6,N
9,2008,203,6,N
9,2008,203,6,N
9,2008,203,6,N
9,2008,203,6,N
9,2008,203,6,N
9,2008,203,6,N
9,2008,203,6,N
9,2008,203,6,N
9,2008,203,6,N
2,2006,191,6,Y
2,2006,191,6,Y
2,2006,191,6,Y
2,2006,191,6,Y
2,2006,191,6,Y
2,2006,191,6,Y
2,2006,191,6,Y
2,2006,191,6,N
2,2006,191,6,N
2,2006,191,6,N
5,2009,161,6,Y
5,2009,161,6,Y
5,2009,161,6,Y
5,2009,161,6,Y
5,2009,161,6,Y
5,2009,161,6,Y
5,2009,161,6,Y
5,2009,161,6,N
5,2009,161,6,N
5,2009,161,6,N
3,2009,164,6,Y
3,2009,164,6,Y
3,2009,164,6,Y
3,2009,164,6,Y
3,2009,164,6,Y
3,2009,164,6,Y
3,2009,164,6,Y
3,2009,164,6,Y
3,2009,164,6,Y
3,2009,164,6,N
6,2008,204,6,Y
6,2008,204,6,Y
6,2008,204,6,Y
6,2008,204,6,Y
6,2008,204,6,Y
6,2008,204,6,Y
6,2008,204,6,N
6,2008,204,6,N
6,2008,204,6,N
6,2008,204,6,N
11,2008,202,6,Y
11,2008,202,6,N
11,2008,202,6,N
11,2008,202,6,N
11,2008,202,6,N
11,2008,202,6,N
11,2008,202,6,N
11,2008,202,6,N
11,2008,202,6,N
11,2008,202,6,N
12,2009,267,6,N
12,2009,267,6,N
12,2009,267,6,N
12,2009,267,6,N
12,2009,267,6,N
12,2009,267,6,N
12,2009,267,6,N
12,2009,267,6,N
12,2009,267,6,N
12,2009,267,6,N
10,2008,198,6,Y
10,2008,198,6,Y
10,2008,198,6,Y
10,2008,198,6,Y
10,2008,198,6,N
10,2008,198,6,N
10,2008,198,6,N
10,2008,198,6,N
10,2008,198,6,N
10,2008,198,6,N
1,2007,138,6,Y
1,2007,138,6,Y
1,2007,138,6,Y
1,2007,138,6,Y
1,2007,138,6,Y
1,2007,138,6,Y
1,2007,138,6,Y
1,2007,138,6,Y
1,2007,138,6,Y
1,2007,138,6,N
7,2008,204,6,Y
7,2008,204,6,Y
7,2008,204,6,Y
7,2008,204,6,N
7,2008,204,6,N
7,2008,204,6,N
7,2008,204,6,N
7,2008,204,6,N
7,2008,204,6,N
7,2008,204,6,N
4,2009,162,6,Y
4,2009,162,6,Y
4,2009,162,6,Y
4,2009,162,6,Y
4,2009,162,6,Y
4,2009,162,6,Y
4,2009,162,6,Y
4,2009,162,6,Y
4,2009,162,6,N
4,2009,162,6,N
8,2005,230,6,Y
8,2005,230,6,Y
8,2005,230,6,Y
8,2005,230,6,N
8,2005,230,6,N
8,2005,230,6,N
8,2005,230,6,N
8,2005,230,6,N
8,2005,230,6,N
8,2005,230,6,N
1,2007,138,8,Y
1,2007,138,8,Y
1,2007,138,8,Y
1,2007,138,8,Y
1,2007,138,8,Y
1,2007,138,8,Y
1,2007,138,8,Y
1,2007,138,8,Y
1,2007,138,8,N
1,2007,138,8,N
7,2008,204,8,Y
7,2008,204,8,Y
7,2008,204,8,Y
7,2008,204,8,Y
7,2008,204,8,Y
7,2008,204,8,Y
7,2008,204,8,Y
7,2008,204,8,N
7,2008,204,8,N
7,2008,204,8,N
9,2008,203,8,N
9,2008,203,8,N
9,2008,203,8,N
9,2008,203,8,N
9,2008,203,8,N
9,2008,203,8,N
9,2008,203,8,N
9,2008,203,8,N
9,2008,203,8,N
9,2008,203,8,N
2,2006,191,8,Y
2,2006,191,8,Y
2,2006,191,8,Y
2,2006,191,8,Y
2,2006,191,8,Y
2,2006,191,8,Y
2,2006,191,8,Y
2,2006,191,8,Y
2,2006,191,8,N
2,2006,191,8,N
3,2009,164,8,Y
3,2009,164,8,Y
3,2009,164,8,Y
3,2009,164,8,Y
3,2009,164,8,Y
3,2009,164,8,Y
3,2009,164,8,Y
3,2009,164,8,Y
3,2009,164,8,Y
3,2009,164,8,Y
10,2008,198,8,Y
10,2008,198,8,Y
10,2008,198,8,Y
10,2008,198,8,Y
10,2008,198,8,Y
10,2008,198,8,Y
10,2008,198,8,Y
10,2008,198,8,Y
10,2008,198,8,Y
10,2008,198,8,N
8,2005,230,8,Y
8,2005,230,8,Y
8,2005,230,8,Y
8,2005,230,8,Y
8,2005,230,8,N
8,2005,230,8,N
8,2005,230,8,N
8,2005,230,8,N
8,2005,230,8,N
8,2005,230,8,N
11,2008,202,8,N
11,2008,202,8,Y
11,2008,202,8,Y
11,2008,202,8,Y
11,2008,202,8,Y
11,2008,202,8,Y
11,2008,202,8,Y
11,2008,202,8,Y
11,2008,202,8,Y
11,2008,202,8,Y
6,2008,204,8,Y
6,2008,204,8,Y
6,2008,204,8,Y
6,2008,204,8,Y
6,2008,204,8,N
6,2008,204,8,N
6,2008,204,8,N
6,2008,204,8,N
6,2008,204,8,N
6,2008,204,8,N
5,2009,161,8,Y
5,2009,161,8,Y
5,2009,161,8,Y
5,2009,161,8,Y
5,2009,161,8,Y
5,2009,161,8,Y
5,2009,161,8,Y
5,2009,161,8,N
5,2009,161,8,N
5,2009,161,8,N
12,2009,267,8,N
12,2009,267,8,N
12,2009,267,8,N
12,2009,267,8,N
12,2009,267,8,N
12,2009,267,8,N
12,2009,267,8,N
12,2009,267,8,N
12,2009,267,8,N
12,2009,267,8,N
4,2009,162,8,Y
4,2009,162,8,Y
4,2009,162,8,Y
4,2009,162,8,Y
4,2009,162,8,Y
4,2009,162,8,Y
4,2009,162,8,Y
4,2009,162,8,Y
4,2009,162,8,Y
4,2009,162,8,Y
2,2006,191,8,Y
2,2006,191,8,Y
2,2006,191,8,Y
2,2006,191,8,Y
2,2006,191,8,Y
2,2006,191,8,Y
2,2006,191,8,Y
2,2006,191,8,Y
2,2006,191,8,Y
2,2006,191,8,N
1,2007,138,8,Y
1,2007,138,8,Y
1,2007,138,8,Y
1,2007,138,8,Y
1,2007,138,8,Y
1,2007,138,8,Y
1,2007,138,8,Y
1,2007,138,8,Y
1,2007,138,8,Y
1,2007,138,8,N
9,2008,203,8,Y
9,2008,203,8,N
9,2008,203,8,N
9,2008,203,8,N
9,2008,203,8,N
9,2008,203,8,N
9,2008,203,8,N
9,2008,203,8,N
9,2008,203,8,N
9,2008,203,8,N
8,2005,230,8,Y
8,2005,230,8,Y
8,2005,230,8,Y
8,2005,230,8,N
8,2005,230,8,N
8,2005,230,8,N
8,2005,230,8,N
8,2005,230,8,N
8,2005,230,8,N
8,2005,230,8,N
12,2009,267,8,N
12,2009,267,8,N
12,2009,267,8,N
12,2009,267,8,N
12,2009,267,8,N
12,2009,267,8,N
12,2009,267,8,N
12,2009,267,8,N
12,2009,267,8,N
12,2009,267,8,N
4,2009,162,8,Y
4,2009,162,8,Y
4,2009,162,8,Y
4,2009,162,8,Y
4,2009,162,8,Y
4,2009,162,8,N
4,2009,162,8,N
4,2009,162,8,N
4,2009,162,8,N
4,2009,162,8,N
6,2008,204,8,Y
6,2008,204,8,Y
6,2008,204,8,Y
6,2008,204,8,Y
6,2008,204,8,Y
6,2008,204,8,N
6,2008,204,8,N
6,2008,204,8,N
6,2008,204,8,N
6,2008,204,8,N
10,2008,198,8,Y
10,2008,198,8,Y
10,2008,198,8,Y
10,2008,198,8,Y
10,2008,198,8,Y
10,2008,198,8,Y
10,2008,198,8,Y
10,2008,198,8,Y
10,2008,198,8,N
10,2008,198,8,N
7,2008,204,8,Y
7,2008,204,8,Y
7,2008,204,8,Y
7,2008,204,8,N
7,2008,204,8,N
7,2008,204,8,N
7,2008,204,8,N
7,2008,204,8,N
7,2008,204,8,N
7,2008,204,8,N
3,2009,164,8,Y
3,2009,164,8,Y
3,2009,164,8,Y
3,2009,164,8,Y
3,2009,164,8,Y
3,2009,164,8,Y
3,2009,164,8,Y
3,2009,164,8,Y
3,2009,164,8,Y
3,2009,164,8,N
11,2008,202,8,Y
11,2008,202,8,Y
11,2008,202,8,Y
11,2008,202,8,Y
11,2008,202,8,Y
11,2008,202,8,Y
11,2008,202,8,N
11,2008,202,8,N
11,2008,202,8,N
11,2008,202,8,N
5,2009,161,8,Y
5,2009,161,8,Y
5,2009,161,8,Y
5,2009,161,8,Y
5,2009,161,8,Y
5,2009,161,8,Y
5,2009,161,8,Y
5,2009,161,8,Y
5,2009,161,8,N
5,2009,161,8,N
5,2009,161,8,Y
5,2009,161,8,Y
5,2009,161,8,Y
5,2009,161,8,Y
5,2009,161,8,Y
5,2009,161,8,Y
5,2009,161,8,N
5,2009,161,8,N
5,2009,161,8,N
5,2009,161,8,N
9,2008,203,8,Y
9,2008,203,8,N
9,2008,203,8,N
9,2008,203,8,N
9,2008,203,8,N
9,2008,203,8,N
9,2008,203,8,N
9,2008,203,8,N
9,2008,203,8,N
9,2008,203,8,N
6,2008,204,8,Y
6,2008,204,8,Y
6,2008,204,8,Y
6,2008,204,8,Y
6,2008,204,8,N
6,2008,204,8,N
6,2008,204,8,N
6,2008,204,8,N
6,2008,204,8,N
6,2008,204,8,N
8,2005,230,8,Y
8,2005,230,8,Y
8,2005,230,8,Y
8,2005,230,8,N
8,2005,230,8,N
8,2005,230,8,N
8,2005,230,8,N
8,2005,230,8,N
8,2005,230,8,N
8,2005,230,8,N
10,2008,198,8,Y
10,2008,198,8,Y
10,2008,198,8,Y
10,2008,198,8,Y
10,2008,198,8,Y
10,2008,198,8,Y
10,2008,198,8,Y
10,2008,198,8,Y
10,2008,198,8,Y
10,2008,198,8,N
3,2009,164,8,Y
3,2009,164,8,Y
3,2009,164,8,Y
3,2009,164,8,Y
3,2009,164,8,Y
3,2009,164,8,Y
3,2009,164,8,Y
3,2009,164,8,Y
3,2009,164,8,Y
3,2009,164,8,Y
11,2008,202,8,Y
11,2008,202,8,Y
11,2008,202,8,Y
11,2008,202,8,Y
11,2008,202,8,Y
11,2008,202,8,N
11,2008,202,8,N
11,2008,202,8,N
11,2008,202,8,N
11,2008,202,8,N
1,2007,138,8,Y
1,2007,138,8,Y
1,2007,138,8,Y
1,2007,138,8,Y
1,2007,138,8,Y
1,2007,138,8,Y
1,2007,138,8,Y
1,2007,138,8,Y
1,2007,138,8,Y
1,2007,138,8,N
12,2009,267,8,N
12,2009,267,8,N
12,2009,267,8,N
12,2009,267,8,N
12,2009,267,8,N
12,2009,267,8,N
12,2009,267,8,N
12,2009,267,8,N
12,2009,267,8,N
12,2009,267,8,N
2,2006,191,8,Y
2,2006,191,8,Y
2,2006,191,8,Y
2,2006,191,8,Y
2,2006,191,8,Y
2,2006,191,8,Y
2,2006,191,8,Y
2,2006,191,8,Y
2,2006,191,8,N
2,2006,191,8,N
4,2009,162,8,Y
4,2009,162,8,Y
4,2009,162,8,Y
4,2009,162,8,Y
4,2009,162,8,Y
4,2009,162,8,Y
4,2009,162,8,Y
4,2009,162,8,N
4,2009,162,8,N
4,2009,162,8,N
7,2008,204,8,Y
7,2008,204,8,Y
7,2008,204,8,Y
7,2008,204,8,Y
7,2008,204,8,N
7,2008,204,8,N
7,2008,204,8,N
7,2008,204,8,N
7,2008,204,8,N
7,2008,204,8,N
7,2008,204,10,Y
7,2008,204,10,Y
7,2008,204,10,Y
7,2008,204,10,Y
7,2008,204,10,Y
7,2008,204,10,Y
7,2008,204,10,Y
7,2008,204,10,Y
7,2008,204,10,Y
7,2008,204,10,N
5,2009,161,10,Y
5,2009,161,10,Y
5,2009,161,10,Y
5,2009,161,10,Y
5,2009,161,10,Y
5,2009,161,10,Y
5,2009,161,10,N
5,2009,161,10,N
5,2009,161,10,N
5,2009,161,10,N
10,2008,198,10,Y
10,2008,198,10,Y
10,2008,198,10,Y
10,2008,198,10,Y
10,2008,198,10,Y
10,2008,198,10,Y
10,2008,198,10,Y
10,2008,198,10,N
10,2008,198,10,N
10,2008,198,10,N
9,2008,203,10,Y
9,2008,203,10,Y
9,2008,203,10,Y
9,2008,203,10,Y
9,2008,203,10,Y
9,2008,203,10,N
9,2008,203,10,N
9,2008,203,10,N
9,2008,203,10,N
9,2008,203,10,N
2,2006,191,10,Y
2,2006,191,10,Y
2,2006,191,10,Y
2,2006,191,10,Y
2,2006,191,10,Y
2,2006,191,10,Y
2,2006,191,10,Y
2,2006,191,10,Y
2,2006,191,10,N
2,2006,191,10,N
4,2009,162,10,Y
4,2009,162,10,Y
4,2009,162,10,Y
4,2009,162,10,Y
4,2009,162,10,Y
4,2009,162,10,Y
4,2009,162,10,Y
4,2009,162,10,Y
4,2009,162,10,N
4,2009,162,10,N
11,2008,202,10,Y
11,2008,202,10,Y
11,2008,202,10,Y
11,2008,202,10,Y
11,2008,202,10,Y
11,2008,202,10,Y
11,2008,202,10,Y
11,2008,202,10,Y
11,2008,202,10,N
11,2008,202,10,N
6,2008,204,10,Y
6,2008,204,10,Y
6,2008,204,10,Y
6,2008,204,10,Y
6,2008,204,10,Y
6,2008,204,10,Y
6,2008,204,10,Y
6,2008,204,10,Y
6,2008,204,10,N
6,2008,204,10,N
12,2009,267,10,N
12,2009,267,10,N
12,2009,267,10,N
12,2009,267,10,N
12,2009,267,10,N
12,2009,267,10,N
12,2009,267,10,N
12,2009,267,10,N
12,2009,267,10,N
12,2009,267,10,N
8,2005,230,10,Y
8,2005,230,10,Y
8,2005,230,10,Y
8,2005,230,10,N
8,2005,230,10,N
8,2005,230,10,N
8,2005,230,10,N
8,2005,230,10,N
8,2005,230,10,N
8,2005,230,10,N
3,2009,164,10,Y
3,2009,164,10,Y
3,2009,164,10,Y
3,2009,164,10,Y
3,2009,164,10,Y
3,2009,164,10,Y
3,2009,164,10,Y
3,2009,164,10,N
3,2009,164,10,N
3,2009,164,10,N
1,2007,138,10,Y
1,2007,138,10,Y
1,2007,138,10,Y
1,2007,138,10,Y
1,2007,138,10,Y
1,2007,138,10,Y
1,2007,138,10,Y
1,2007,138,10,Y
1,2007,138,10,Y
1,2007,138,10,N
1,2007,138,10,Y
1,2007,138,10,Y
1,2007,138,10,Y
1,2007,138,10,Y
1,2007,138,10,Y
1,2007,138,10,Y
1,2007,138,10,Y
1,2007,138,10,Y
1,2007,138,10,Y
1,2007,138,10,Y
6,2008,204,10,Y
6,2008,204,10,Y
6,2008,204,10,Y
6,2008,204,10,Y
6,2008,204,10,Y
6,2008,204,10,Y
6,2008,204,10,Y
6,2008,204,10,Y
6,2008,204,10,Y
6,2008,204,10,N
3,2009,164,10,Y
3,2009,164,10,Y
3,2009,164,10,Y
3,2009,164,10,Y
3,2009,164,10,Y
3,2009,164,10,Y
3,2009,164,10,Y
3,2009,164,10,Y
3,2009,164,10,Y
3,2009,164,10,Y
2,2006,191,10,Y
2,2006,191,10,Y
2,2006,191,10,Y
2,2006,191,10,Y
2,2006,191,10,Y
2,2006,191,10,Y
2,2006,191,10,Y
2,2006,191,10,Y
2,2006,191,10,Y
2,2006,191,10,N
8,2005,230,10,Y
8,2005,230,10,Y
8,2005,230,10,Y
8,2005,230,10,N
8,2005,230,10,N
8,2005,230,10,N
8,2005,230,10,N
8,2005,230,10,N
8,2005,230,10,N
8,2005,230,10,N
5,2009,161,10,Y
5,2009,161,10,Y
5,2009,161,10,Y
5,2009,161,10,Y
5,2009,161,10,Y
5,2009,161,10,N
5,2009,161,10,N
5,2009,161,10,N
5,2009,161,10,N
5,2009,161,10,N
7,2008,204,10,Y
7,2008,204,10,Y
7,2008,204,10,Y
7,2008,204,10,Y
7,2008,204,10,Y
7,2008,204,10,Y
7,2008,204,10,Y
7,2008,204,10,Y
7,2008,204,10,Y
7,2008,204,10,Y
12,2009,267,10,N
12,2009,267,10,N
12,2009,267,10,N
12,2009,267,10,N
12,2009,267,10,N
12,2009,267,10,N
12,2009,267,10,N
12,2009,267,10,N
12,2009,267,10,N
12,2009,267,10,N
10,2008,198,10,Y
10,2008,198,10,Y
10,2008,198,10,Y
10,2008,198,10,Y
10,2008,198,10,Y
10,2008,198,10,Y
10,2008,198,10,Y
10,2008,198,10,Y
10,2008,198,10,Y
10,2008,198,10,N
4,2009,162,10,Y
4,2009,162,10,Y
4,2009,162,10,Y
4,2009,162,10,Y
4,2009,162,10,Y
4,2009,162,10,Y
4,2009,162,10,Y
4,2009,162,10,Y
4,2009,162,10,Y
4,2009,162,10,Y
9,2008,203,10,Y
9,2008,203,10,Y
9,2008,203,10,Y
9,2008,203,10,Y
9,2008,203,10,Y
9,2008,203,10,Y
9,2008,203,10,Y
9,2008,203,10,Y
9,2008,203,10,N
9,2008,203,10,N
11,2008,202,10,Y
11,2008,202,10,Y
11,2008,202,10,Y
11,2008,202,10,Y
11,2008,202,10,Y
11,2008,202,10,Y
11,2008,202,10,Y
11,2008,202,10,Y
11,2008,202,10,Y
11,2008,202,10,N
7,2008,204,10,Y
7,2008,204,10,Y
7,2008,204,10,Y
7,2008,204,10,Y
7,2008,204,10,Y
7,2008,204,10,Y
7,2008,204,10,N
7,2008,204,10,N
7,2008,204,10,N
7,2008,204,10,N
9,2008,203,10,Y
9,2008,203,10,Y
9,2008,203,10,Y
9,2008,203,10,Y
9,2008,203,10,Y
9,2008,203,10,N
9,2008,203,10,N
9,2008,203,10,N
9,2008,203,10,N
9,2008,203,10,N
10,2008,198,10,Y
10,2008,198,10,Y
10,2008,198,10,Y
10,2008,198,10,Y
10,2008,198,10,Y
10,2008,198,10,Y
10,2008,198,10,Y
10,2008,198,10,Y
10,2008,198,10,Y
10,2008,198,10,Y
11,2008,202,10,Y
11,2008,202,10,Y
11,2008,202,10,Y
11,2008,202,10,Y
11,2008,202,10,Y
11,2008,202,10,Y
11,2008,202,10,Y
11,2008,202,10,Y
11,2008,202,10,N
11,2008,202,10,N
8,2005,230,10,Y
8,2005,230,10,Y
8,2005,230,10,Y
8,2005,230,10,N
8,2005,230,10,N
8,2005,230,10,N
8,2005,230,10,N
8,2005,230,10,N
8,2005,230,10,N
8,2005,230,10,N
4,2009,162,10,Y
4,2009,162,10,Y
4,2009,162,10,Y
4,2009,162,10,Y
4,2009,162,10,Y
4,2009,162,10,Y
4,2009,162,10,Y
4,2009,162,10,Y
4,2009,162,10,Y
4,2009,162,10,N
6,2008,204,10,Y
6,2008,204,10,Y
6,2008,204,10,Y
6,2008,204,10,Y
6,2008,204,10,Y
6,2008,204,10,Y
6,2008,204,10,Y
6,2008,204,10,N
6,2008,204,10,N
6,2008,204,10,N
1,2007,138,10,Y
1,2007,138,10,Y
1,2007,138,10,Y
1,2007,138,10,Y
1,2007,138,10,Y
1,2007,138,10,Y
1,2007,138,10,Y
1,2007,138,10,Y
1,2007,138,10,Y
1,2007,138,10,Y
5,2009,161,10,Y
5,2009,161,10,Y
5,2009,161,10,Y
5,2009,161,10,Y
5,2009,161,10,Y
5,2009,161,10,Y
5,2009,161,10,N
5,2009,161,10,N
5,2009,161,10,N
5,2009,161,10,N
3,2009,164,10,Y
3,2009,164,10,Y
3,2009,164,10,Y
3,2009,164,10,Y
3,2009,164,10,Y
3,2009,164,10,Y
3,2009,164,10,Y
3,2009,164,10,Y
3,2009,164,10,Y
3,2009,164,10,Y
12,2009,267,10,N
12,2009,267,10,N
12,2009,267,10,N
12,2009,267,10,N
12,2009,267,10,N
12,2009,267,10,N
12,2009,267,10,N
12,2009,267,10,N
12,2009,267,10,N
12,2009,267,10,N
2,2006,191,10,Y
2,2006,191,10,Y
2,2006,191,10,Y
2,2006,191,10,Y
2,2006,191,10,Y
2,2006,191,10,Y
2,2006,191,10,Y
2,2006,191,10,Y
2,2006,191,10,Y
2,2006,191,10,Y
11,2008,202,12,Y
11,2008,202,12,Y
11,2008,202,12,Y
11,2008,202,12,Y
11,2008,202,12,Y
11,2008,202,12,Y
11,2008,202,12,Y
11,2008,202,12,N
11,2008,202,12,N
11,2008,202,12,N
3,2009,164,12,Y
3,2009,164,12,Y
3,2009,164,12,Y
3,2009,164,12,Y
3,2009,164,12,Y
3,2009,164,12,Y
3,2009,164,12,Y
3,2009,164,12,Y
3,2009,164,12,N
3,2009,164,12,N
8,2005,230,12,Y
8,2005,230,12,N
8,2005,230,12,N
8,2005,230,12,N
8,2005,230,12,N
8,2005,230,12,N
8,2005,230,12,N
8,2005,230,12,N
8,2005,230,12,N
8,2005,230,12,N
6,2008,204,12,Y
6,2008,204,12,Y
6,2008,204,12,Y
6,2008,204,12,Y
6,2008,204,12,Y
6,2008,204,12,Y
6,2008,204,12,N
6,2008,204,12,N
6,2008,204,12,N
6,2008,204,12,N
2,2006,191,12,Y
2,2006,191,12,Y
2,2006,191,12,Y
2,2006,191,12,Y
2,2006,191,12,Y
2,2006,191,12,Y
2,2006,191,12,Y
2,2006,191,12,Y
2,2006,191,12,N
2,2006,191,12,N
9,2008,203,12,Y
9,2008,203,12,Y
9,2008,203,12,Y
9,2008,203,12,Y
9,2008,203,12,Y
9,2008,203,12,Y
9,2008,203,12,Y
9,2008,203,12,Y
9,2008,203,12,Y
9,2008,203,12,N
5,2009,161,12,Y
5,2009,161,12,Y
5,2009,161,12,Y
5,2009,161,12,Y
5,2009,161,12,N
5,2009,161,12,N
5,2009,161,12,N
5,2009,161,12,N
5,2009,161,12,N
5,2009,161,12,N
4,2009,162,12,Y
4,2009,162,12,Y
4,2009,162,12,Y
4,2009,162,12,Y
4,2009,162,12,Y
4,2009,162,12,Y
4,2009,162,12,Y
4,2009,162,12,Y
4,2009,162,12,N
4,2009,162,12,N
7,2008,204,12,Y
7,2008,204,12,Y
7,2008,204,12,Y
7,2008,204,12,Y
7,2008,204,12,Y
7,2008,204,12,N
7,2008,204,12,N
7,2008,204,12,N
7,2008,204,12,N
7,2008,204,12,N
10,2008,198,12,Y
10,2008,198,12,Y
10,2008,198,12,Y
10,2008,198,12,Y
10,2008,198,12,Y
10,2008,198,12,Y
10,2008,198,12,Y
10,2008,198,12,Y
10,2008,198,12,Y
10,2008,198,12,Y
12,2009,267,12,N
12,2009,267,12,N
12,2009,267,12,N
12,2009,267,12,N
12,2009,267,12,N
12,2009,267,12,N
12,2009,267,12,N
12,2009,267,12,N
12,2009,267,12,N
12,2009,267,12,N
1,2007,138,12,Y
1,2007,138,12,Y
1,2007,138,12,Y
1,2007,138,12,Y
1,2007,138,12,Y
1,2007,138,12,Y
1,2007,138,12,Y
1,2007,138,12,Y
1,2007,138,12,Y
1,2007,138,12,Y
3,2009,164,12,Y
3,2009,164,12,Y
3,2009,164,12,Y
3,2009,164,12,Y
3,2009,164,12,Y
3,2009,164,12,Y
3,2009,164,12,Y
3,2009,164,12,Y
3,2009,164,12,N
3,2009,164,12,N
6,2008,204,12,Y
6,2008,204,12,Y
6,2008,204,12,Y
6,2008,204,12,Y
6,2008,204,12,Y
6,2008,204,12,Y
6,2008,204,12,N
6,2008,204,12,N
6,2008,204,12,N
6,2008,204,12,N
4,2009,162,12,Y
4,2009,162,12,Y
4,2009,162,12,Y
4,2009,162,12,Y
4,2009,162,12,Y
4,2009,162,12,Y
4,2009,162,12,Y
4,2009,162,12,Y
4,2009,162,12,N
4,2009,162,12,N
11,2008,202,12,Y
11,2008,202,12,Y
11,2008,202,12,Y
11,2008,202,12,Y
11,2008,202,12,N
11,2008,202,12,N
11,2008,202,12,N
11,2008,202,12,N
11,2008,202,12,N
11,2008,202,12,N
5,2009,161,12,Y
5,2009,161,12,Y
5,2009,161,12,Y
5,2009,161,12,Y
5,2009,161,12,Y
5,2009,161,12,Y
5,2009,161,12,Y
5,2009,161,12,N
5,2009,161,12,N
5,2009,161,12,N
10,2008,198,12,Y
10,2008,198,12,Y
10,2008,198,12,Y
10,2008,198,12,Y
10,2008,198,12,Y
10,2008,198,12,Y
10,2008,198,12,Y
10,2008,198,12,Y
10,2008,198,12,Y
10,2008,198,12,Y
8,2005,230,12,Y
8,2005,230,12,Y
8,2005,230,12,Y
8,2005,230,12,Y
8,2005,230,12,N
8,2005,230,12,N
8,2005,230,12,N
8,2005,230,12,N
8,2005,230,12,N
8,2005,230,12,N
2,2006,191,12,Y
2,2006,191,12,Y
2,2006,191,12,Y
2,2006,191,12,Y
2,2006,191,12,Y
2,2006,191,12,Y
2,2006,191,12,Y
2,2006,191,12,Y
2,2006,191,12,Y
2,2006,191,12,Y
9,2008,203,12,Y
9,2008,203,12,N
9,2008,203,12,N
9,2008,203,12,N
9,2008,203,12,N
9,2008,203,12,N
9,2008,203,12,N
9,2008,203,12,N
9,2008,203,12,N
9,2008,203,12,N
1,2007,138,12,Y
1,2007,138,12,Y
1,2007,138,12,Y
1,2007,138,12,Y
1,2007,138,12,Y
1,2007,138,12,Y
1,2007,138,12,Y
1,2007,138,12,Y
1,2007,138,12,N
1,2007,138,12,N
7,2008,204,12,Y
7,2008,204,12,Y
7,2008,204,12,Y
7,2008,204,12,Y
7,2008,204,12,Y
7,2008,204,12,Y
7,2008,204,12,Y
7,2008,204,12,N
7,2008,204,12,N
7,2008,204,12,N
12,2009,267,12,N
12,2009,267,12,N
12,2009,267,12,N
12,2009,267,12,N
12,2009,267,12,N
12,2009,267,12,N
12,2009,267,12,N
12,2009,267,12,N
12,2009,267,12,N
12,2009,267,12,N
8,2005,230,12,Y
8,2005,230,12,Y
8,2005,230,12,Y
8,2005,230,12,Y
8,2005,230,12,N
8,2005,230,12,N
8,2005,230,12,N
8,2005,230,12,N
8,2005,230,12,N
8,2005,230,12,N
6,2008,204,12,Y
6,2008,204,12,Y
6,2008,204,12,Y
6,2008,204,12,Y
6,2008,204,12,Y
6,2008,204,12,Y
6,2008,204,12,Y
6,2008,204,12,Y
6,2008,204,12,N
6,2008,204,12,N
10,2008,198,12,Y
10,2008,198,12,Y
10,2008,198,12,Y
10,2008,198,12,Y
10,2008,198,12,Y
10,2008,198,12,N
10,2008,198,12,N
10,2008,198,12,N
10,2008,198,12,N
10,2008,198,12,N
11,2008,202,12,Y
11,2008,202,12,Y
11,2008,202,12,Y
11,2008,202,12,N
11,2008,202,12,N
11,2008,202,12,N
11,2008,202,12,N
11,2008,202,12,N
11,2008,202,12,N
11,2008,202,12,N
12,2009,267,12,N
12,2009,267,12,N
12,2009,267,12,N
12,2009,267,12,N
12,2009,267,12,N
12,2009,267,12,N
12,2009,267,12,N
12,2009,267,12,N
12,2009,267,12,N
12,2009,267,12,N
9,2008,203,12,Y
9,2008,203,12,Y
9,2008,203,12,Y
9,2008,203,12,Y
9,2008,203,12,Y
9,2008,203,12,Y
9,2008,203,12,Y
9,2008,203,12,Y
9,2008,203,12,N
9,2008,203,12,N
5,2009,161,12,Y
5,2009,161,12,Y
5,2009,161,12,Y
5,2009,161,12,Y
5,2009,161,12,N
5,2009,161,12,N
5,2009,161,12,N
5,2009,161,12,N
5,2009,161,12,N
5,2009,161,12,N
2,2006,191,12,Y
2,2006,191,12,Y
2,2006,191,12,Y
2,2006,191,12,Y
2,2006,191,12,Y
2,2006,191,12,Y
2,2006,191,12,Y
2,2006,191,12,N
2,2006,191,12,N
2,2006,191,12,N
7,2008,204,12,Y
7,2008,204,12,Y
7,2008,204,12,Y
7,2008,204,12,Y
7,2008,204,12,Y
7,2008,204,12,Y
7,2008,204,12,Y
7,2008,204,12,Y
7,2008,204,12,N
7,2008,204,12,N
4,2009,162,12,Y
4,2009,162,12,Y
4,2009,162,12,Y
4,2009,162,12,Y
4,2009,162,12,Y
4,2009,162,12,Y
4,2009,162,12,N
4,2009,162,12,N
4,2009,162,12,N
4,2009,162,12,N
3,2009,164,12,Y
3,2009,164,12,Y
3,2009,164,12,Y
3,2009,164,12,Y
3,2009,164,12,Y
3,2009,164,12,Y
3,2009,164,12,Y
3,2009,164,12,Y
3,2009,164,12,Y
3,2009,164,12,Y
1,2007,138,12,Y
1,2007,138,12,Y
1,2007,138,12,Y
1,2007,138,12,Y
1,2007,138,12,Y
1,2007,138,12,Y
1,2007,138,12,Y
1,2007,138,12,Y
1,2007,138,12,Y
1,2007,138,12,N
